games_x,turnovers,per,usagePercent,offensiveWs,defensiveWs,winShares,offensiveBox,defensiveBox,vorp,MVP,ranking,win_percentage,PPG_Score,APG_Score,RPG_Score,SPG_Score,BPG_Score,eFG%_Score
68,147,21.6,21.6,6.1,2.5,8.6,3.2,-0.4,2.7,0,15,0.5,0.71,0.43,1.09,0.5,0.18,0.7
75,269,21.0,27.5,6.6,1.7,8.3,3.7,-0.1,3.7,0,12,0.524,0.92,1.09,0.28,0.77,0.12,0.63
70,189,19.8,25.7,5.0,1.8,6.8,3.2,0.1,3.3,0,15,0.5,0.86,0.74,0.46,0.86,0.26,0.67
82,279,22.6,26.0,5.6,7.2,12.8,2.5,2.0,5.3,0,5,0.683,0.99,0.37,1.11,0.32,1.11,0.77
82,192,20.4,22.5,5.3,4.2,9.6,2.6,1.5,5.0,0,11,0.549,0.87,0.57,0.9,0.82,0.81,0.69
81,224,20.6,25.6,7.9,3.8,11.7,4.8,0.4,5.5,0,6,0.671,0.88,1.12,0.35,0.81,0.09,0.69
80,132,19.3,20.8,7.4,2.1,9.5,3.3,0.5,3.6,0,-1,0.756,0.67,0.59,0.32,0.65,0.08,0.72
80,146,18.0,19.5,6.8,3.2,10.1,2.9,1.1,4.4,0,1,0.744,0.79,0.42,0.35,0.96,0.3,0.78
82,185,25.2,33.7,10.4,5.4,15.8,5.9,1.0,7.1,0,0,0.756,1.35,0.47,0.54,0.83,0.24,0.66
81,247,27.9,31.8,12.1,4.3,16.4,6.6,0.7,7.1,1,-1,0.756,1.27,0.53,0.96,0.57,0.38,0.74
60,175,28.8,32.9,6.7,3.4,10.2,5.7,0.2,4.3,0,1,0.744,1.33,0.32,1.06,0.31,1.06,0.82
82,229,21.6,24.6,8.5,4.0,12.5,4.4,0.7,5.7,0,2,0.744,0.9,1.12,0.43,1.09,0.1,0.71
73,202,27.8,29.7,7.8,6.0,13.8,5.3,2.9,6.3,0,5,0.683,1.01,0.37,0.99,0.42,1.16,0.72
73,190,20.9,23.2,5.1,4.6,9.7,2.2,2.2,3.8,0,10,0.561,0.75,0.4,0.93,0.43,0.49,0.72
78,168,18.7,20.6,7.5,2.9,10.4,3.0,-0.1,3.4,0,2,0.744,0.74,0.59,0.66,0.37,0.11,0.73
73,176,18.8,23.9,8.4,1.8,10.2,3.9,-0.9,3.6,0,8,0.61,0.94,0.54,0.4,0.49,0.18,0.68
64,161,21.8,19.3,6.4,1.6,8.0,5.5,0.2,3.6,0,-1,0.756,0.56,1.15,0.24,0.67,0.07,0.8
76,266,19.6,23.7,5.1,3.0,8.1,2.8,0.1,3.7,0,14,0.512,0.83,1.42,0.5,0.8,0.15,0.62
64,104,17.8,19.8,5.6,1.5,7.1,3.7,-1.0,2.4,0,1,0.744,0.65,0.93,0.28,0.48,0.04,0.7
71,185,20.9,26.5,3.9,4.4,8.3,2.9,1.7,4.7,0,14,0.512,1.03,0.52,0.89,0.75,0.77,0.71
82,183,20.6,25.6,9.0,1.0,10.1,4.7,-1.1,4.3,0,13,0.512,0.89,0.51,0.4,0.7,0.1,0.81
82,248,19.5,23.9,4.6,3.4,8.0,3.6,0.9,4.3,0,15,0.5,0.65,0.82,0.3,1.08,0.05,0.78
71,184,20.8,23.0,5.8,2.8,8.6,3.9,0.3,4.1,0,6,0.61,0.69,1.19,0.3,0.99,0.18,0.77
66,182,21.7,26.8,6.1,4.5,10.6,3.5,1.6,4.5,0,-1,0.817,0.91,0.66,0.57,0.85,0.4,0.77
82,178,23.4,30.0,9.1,2.7,11.8,5.6,-0.1,5.9,0,11,0.549,1.04,0.53,0.53,0.7,0.48,0.77
81,267,21.1,25.0,8.4,0.8,9.2,3.6,-1.4,3.1,0,13,0.512,0.75,1.21,0.34,0.66,0.04,0.75
74,242,24.8,28.7,6.7,6.4,13.0,3.8,1.8,5.5,0,4,0.646,0.94,0.42,1.13,0.47,0.96,0.77
82,196,19.2,25.1,6.4,1.9,8.3,3.0,-0.9,3.6,0,16,0.488,0.91,0.72,0.57,0.7,0.17,0.76
81,268,23.6,27.4,6.1,5.6,11.6,4.6,1.7,6.8,0,6,0.61,0.93,0.67,1.07,0.78,0.67,0.8
74,240,24.5,30.5,8.1,2.6,10.7,5.4,0.1,5.2,0,14,0.512,1.04,0.7,0.6,0.73,0.25,0.79
70,230,20.0,34.4,3.3,3.6,6.9,3.4,-0.2,3.8,1,9,0.598,1.15,0.63,0.35,1.08,0.03,0.7
72,160,19.9,23.4,5.7,4.4,10.1,2.9,2.0,4.9,0,8,0.598,0.81,0.57,0.43,1.4,0.29,0.76
67,226,18.4,20.0,3.7,4.8,8.5,2.3,2.0,4.2,0,3,0.646,0.58,1.36,0.65,1.05,0.18,0.69
82,231,27.1,31.9,10.7,4.5,15.3,6.4,1.1,7.1,0,2,0.671,1.03,0.5,0.86,0.51,0.37,0.8
79,160,20.0,24.3,3.7,2.9,6.6,2.6,0.9,3.4,0,11,0.549,0.62,0.45,0.58,0.6,0.82,0.72
79,223,30.6,31.2,11.7,7.0,18.6,7.3,2.0,9.0,0,-1,0.817,1.2,0.51,1.24,0.24,1.3,0.9
82,224,23.6,26.8,10.5,3.5,13.9,5.8,0.7,7.3,0,10,0.549,0.98,1.2,0.59,0.98,0.09,0.79
82,311,18.9,29.2,5.7,1.6,7.3,2.8,-1.7,2.4,0,14,0.512,0.95,0.6,0.35,0.66,0.19,0.72
75,218,23.4,28.2,5.7,5.0,10.7,3.6,2.1,5.6,0,12,0.537,0.99,0.62,0.95,0.84,0.74,0.77
82,204,22.9,24.4,11.5,2.2,13.7,5.7,-0.3,5.9,0,5,0.634,0.93,0.6,0.5,0.79,0.11,0.95
75,200,18.6,21.0,5.8,2.9,8.7,3.2,0.1,3.6,0,15,0.524,0.67,0.93,0.44,0.94,0.08,0.83
78,155,20.0,22.2,5.8,2.7,8.5,2.6,0.5,3.6,0,10,0.573,0.68,0.99,0.36,1.08,0.12,0.8
68,220,24.5,31.8,9.2,2.2,11.3,5.1,-0.3,4.7,0,0,0.683,1.2,0.66,0.56,0.88,0.29,0.83
75,167,25.0,30.7,10.3,2.6,12.9,7.6,0.1,7.2,0,11,0.573,1.17,0.51,0.53,0.8,0.5,0.87
82,242,23.8,28.7,6.2,7.1,13.2,2.9,1.8,5.4,1,-1,0.707,0.94,0.4,1.16,0.45,1.08,0.86
82,190,18.2,24.9,5.6,2.9,8.5,2.4,-0.5,3.4,0,3,0.646,0.91,0.58,0.49,0.75,0.18,0.83
80,265,21.6,24.2,9.2,3.0,12.2,4.5,0.5,5.7,0,13,0.549,0.84,0.86,0.66,0.92,0.18,0.87
81,230,23.9,27.0,7.0,4.8,11.8,4.5,1.4,6.4,0,10,0.573,0.93,0.66,1.09,0.72,0.83,0.83
71,237,24.0,35.9,7.3,4.5,11.8,5.0,1.1,6.1,0,1,0.683,1.31,0.61,0.37,1.31,0.13,0.77
63,135,18.8,23.9,3.9,4.0,7.9,2.5,2.1,3.8,0,8,0.61,0.73,0.36,0.44,0.92,0.43,0.85
77,286,19.4,22.7,4.2,5.4,9.6,2.4,1.7,4.8,0,6,0.622,0.71,1.3,0.61,1.13,0.14,0.76
81,244,24.7,30.0,9.1,4.0,13.1,5.5,1.1,6.3,0,4,0.646,0.98,0.59,0.79,0.6,0.36,0.85
77,198,24.9,31.2,8.3,3.9,12.2,6.5,0.5,7.0,0,15,0.524,1.13,0.61,0.72,0.79,0.71,0.81
70,205,19.6,21.1,6.8,1.6,8.4,3.8,-1.1,2.9,0,3,0.646,0.66,0.96,0.3,0.54,0.03,0.93
74,218,30.2,31.6,11.1,3.9,14.9,7.0,0.7,7.1,0,0,0.683,1.21,0.5,1.21,0.34,1.28,0.98
79,209,22.1,27.2,9.1,1.7,10.8,4.7,-0.7,4.9,0,14,0.537,0.97,1.08,0.44,0.84,0.15,0.84
76,219,20.1,29.2,4.2,2.5,6.7,2.3,-1.0,2.4,0,5,0.634,0.93,0.44,0.66,0.59,0.38,0.83
72,211,17.8,25.5,4.8,2.5,7.3,2.1,-0.4,2.7,0,16,0.5,0.87,0.8,0.48,0.47,0.28,0.82
77,158,20.9,23.4,6.8,4.2,11.0,3.3,1.1,4.8,0,7,0.61,0.81,0.36,0.75,0.61,0.81,0.9
70,195,24.7,31.6,5.8,5.2,11.0,4.0,1.4,5.3,0,2,0.671,1.14,0.56,1.06,0.7,0.78,0.82
69,159,21.6,26.2,7.6,1.3,8.9,6.0,-1.1,4.4,0,15,0.5,0.91,0.58,0.44,0.68,0.12,0.98
82,138,17.6,20.4,6.1,1.5,7.6,3.1,-0.6,2.7,0,4,0.61,0.53,0.81,0.27,0.42,0.1,0.87
80,173,23.6,21.1,9.9,3.7,13.6,3.9,0.4,4.8,0,16,0.476,0.76,0.35,1.13,0.53,0.95,0.92
80,223,23.2,30.4,8.9,3.8,12.7,4.3,0.3,5.2,0,0,0.707,1.06,0.81,0.54,0.79,0.2,0.84
60,154,20.5,30.5,4.6,2.4,7.0,4.7,-0.3,3.9,0,14,0.512,1.04,0.59,0.51,0.83,0.33,0.83
74,177,21.3,27.3,7.2,1.4,8.6,3.5,-1.1,2.9,0,15,0.5,0.83,0.98,0.41,0.65,0.07,0.86
82,246,18.2,23.9,4.4,3.8,8.2,3.3,0.4,4.8,0,10,0.537,0.76,1.25,0.42,1.11,0.26,0.84
82,263,27.0,29.0,10.7,7.1,17.8,5.4,2.2,8.0,1,1,0.707,1.07,0.55,1.25,0.39,1.15,0.89
81,229,23.8,26.0,7.9,4.9,12.8,5.1,1.8,7.1,0,4,0.61,0.89,0.77,1.19,0.63,0.72,0.85
60,237,21.9,37.8,2.6,4.3,6.9,3.9,0.8,4.5,0,12,0.524,1.32,0.81,0.44,1.49,0.1,0.74
82,286,19.1,22.5,3.1,5.8,8.9,3.0,1.5,5.0,0,3,0.634,0.62,1.45,0.71,1.13,0.11,0.77
80,263,21.1,28.8,5.5,4.3,9.8,2.9,0.8,4.4,0,9,0.537,0.94,0.63,0.84,1.01,0.34,0.8
76,189,25.1,31.1,8.1,3.4,11.5,6.4,0.4,6.4,0,11,0.537,1.08,0.78,0.77,0.83,0.45,0.85
82,229,20.7,23.0,9.5,0.3,9.9,5.1,-2.1,3.6,0,2,0.695,0.75,1.14,0.3,0.35,0.02,0.97
76,145,24.1,25.5,10.2,3.1,13.4,5.4,0.1,5.5,0,2,0.695,0.98,0.36,0.97,0.58,0.47,0.93
67,171,29.7,31.8,9.2,4.0,13.2,7.1,0.9,6.1,0,0,0.707,1.14,0.44,1.05,0.32,0.95,1.01
82,209,22.9,27.2,10.1,2.5,12.6,5.2,-0.2,5.9,0,8,0.549,0.93,1.32,0.47,0.85,0.15,0.86
82,241,22.3,29.3,7.3,5.6,12.9,4.7,1.3,6.6,0,7,0.598,1.1,0.47,0.68,1.0,0.49,0.89
76,266,19.0,32.3,3.2,2.6,5.8,2.6,-1.2,2.4,0,5,0.61,0.9,0.78,0.41,0.54,0.23,0.75
82,208,21.9,19.8,8.0,2.6,10.7,4.1,1.3,4.8,0,9,0.537,0.56,1.21,0.31,0.98,0.13,0.93
71,140,19.3,23.2,6.8,3.0,9.9,3.2,-0.2,3.3,0,-1,0.744,0.89,0.36,0.51,0.61,0.09,0.95
54,158,24.4,29.0,4.8,3.9,8.6,3.8,1.6,3.9,0,-1,0.744,1.03,0.7,0.99,0.89,0.66,0.87
74,134,20.4,24.1,7.0,2.9,9.9,4.3,0.3,3.8,0,5,0.61,0.72,0.58,0.35,0.46,0.09,0.85
82,288,26.2,32.9,11.0,4.0,14.9,6.3,0.7,7.7,0,4,0.61,1.33,0.87,0.65,1.2,0.36,0.81
78,177,22.3,26.5,8.8,0.8,9.6,3.9,-1.2,3.2,0,14,0.512,0.88,0.86,0.42,0.61,0.08,0.83
81,248,26.9,28.0,9.5,6.9,16.5,5.0,2.5,7.7,0,0,0.732,1.03,0.58,1.22,0.37,1.3,0.86
69,114,17.6,24.2,4.3,2.5,6.7,2.4,-0.8,2.4,0,-1,0.732,0.86,0.44,0.55,0.6,0.13,0.8
81,299,20.6,26.1,7.4,3.7,11.1,3.4,0.3,4.8,0,13,0.524,0.93,0.92,0.59,0.95,0.23,0.78
82,229,26.4,26.4,9.8,5.8,15.6,6.0,2.4,8.7,1,2,0.622,1.02,0.9,1.28,0.75,0.7,0.85
82,286,21.2,32.9,5.0,4.2,9.2,3.2,0.2,4.8,0,8,0.585,1.23,0.82,0.4,1.49,0.07,0.73
80,296,22.2,25.9,5.5,5.8,11.3,4.8,1.8,6.5,0,6,0.598,0.83,1.32,0.6,1.22,0.14,0.78
65,55,18.3,19.1,4.2,3.4,7.7,2.5,2.1,3.3,0,6,0.598,0.58,0.39,0.37,0.84,0.2,0.87
81,210,21.7,27.8,6.9,4.3,11.1,3.2,1.0,4.6,0,9,0.573,0.92,0.7,0.74,0.91,0.17,0.78
81,263,20.1,27.7,7.1,2.5,9.6,3.7,-0.7,4.0,0,11,0.537,0.99,1.2,0.31,0.72,0.11,0.78
81,157,21.3,23.3,7.3,5.8,13.0,3.9,1.7,6.5,0,11,0.537,0.94,0.36,0.91,1.24,0.52,0.84
82,230,18.0,27.1,5.4,3.6,9.0,2.6,-0.4,3.5,0,10,0.573,0.96,0.84,0.58,0.55,0.09,0.77
75,195,30.3,35.2,13.2,2.9,16.1,9.8,0.7,9.3,0,15,0.512,1.43,0.81,0.62,0.9,0.35,0.85
73,118,19.3,18.7,6.1,3.4,9.6,2.2,0.8,2.9,0,7,0.585,0.58,0.39,0.78,0.48,0.26,0.83
82,192,22.6,24.4,9.7,1.9,11.6,5.4,-0.8,4.5,0,-1,0.732,0.79,1.08,0.27,0.57,0.03,0.86
80,152,25.6,27.4,10.8,5.3,16.1,5.8,1.4,7.3,0,-1,0.732,1.12,0.44,0.94,0.76,0.45,0.86
67,196,29.5,30.2,10.2,3.0,13.2,6.4,0.1,5.5,0,4,0.61,1.22,0.46,1.05,0.31,1.05,0.96
52,131,21.4,27.1,4.3,1.9,6.2,4.0,0.1,3.2,0,16,0.488,0.93,1.31,0.45,0.97,0.1,0.78
79,288,22.7,33.2,5.3,4.8,10.1,4.2,0.7,5.4,0,12,0.537,1.15,0.66,0.7,0.96,0.35,0.76
74,140,18.5,23.3,5.1,3.4,8.5,2.3,0.2,3.1,0,3,0.61,0.81,0.31,0.7,0.52,0.46,0.87
56,156,21.7,27.8,6.5,0.4,6.9,5.5,-1.5,3.2,0,16,0.451,0.94,0.67,0.5,0.68,0.09,0.8
82,175,19.3,22.9,8.0,1.3,9.3,3.4,-1.0,3.3,0,3,0.671,0.75,0.76,0.33,0.74,0.1,0.8
78,189,18.6,23.5,7.1,4.2,11.3,3.1,0.5,3.9,0,4,0.659,0.69,0.8,0.34,0.58,0.05,0.72
65,171,23.7,29.1,7.8,3.0,10.7,5.1,0.5,4.7,0,2,0.683,0.98,0.71,0.54,0.93,0.2,0.73
81,220,22.8,27.2,8.8,3.3,12.1,4.1,0.3,4.6,0,0,0.707,0.81,1.02,0.33,0.68,0.1,0.81
67,215,20.7,30.1,4.3,3.2,7.5,4.7,0.5,4.8,0,14,0.5,0.94,1.05,0.42,1.27,0.19,0.72
69,183,27.1,29.7,5.9,7.2,13.1,5.2,3.3,6.7,0,1,0.695,0.91,0.43,1.21,0.48,1.25,0.78
72,83,17.8,20.9,7.0,0.5,7.6,3.0,-1.2,2.7,0,5,0.634,0.76,0.41,0.44,0.63,0.25,0.79
82,212,29.4,29.6,10.4,8.0,18.3,6.8,3.3,10.0,0,0,0.707,0.99,0.7,1.35,0.79,1.02,0.78
78,187,21.7,26.8,5.3,2.8,8.1,2.9,0.1,3.0,0,6,0.61,0.73,0.36,0.75,0.3,0.79,0.75
67,214,19.7,24.6,2.8,4.4,7.2,3.4,1.3,4.2,0,7,0.573,0.63,1.29,0.62,0.98,0.1,0.68
78,215,22.6,21.9,6.5,5.0,11.6,5.0,2.9,7.2,0,10,0.512,0.67,0.44,0.78,1.03,1.29,0.75
82,215,18.8,20.7,6.1,2.6,8.8,2.2,0.4,3.3,0,9,0.524,0.61,0.85,0.43,0.93,0.14,0.72
78,209,20.5,19.5,8.9,-0.1,8.8,4.7,-2.2,3.0,1,5,0.634,0.59,1.23,0.29,0.46,0.05,0.83
77,135,22.5,24.5,9.0,2.5,11.5,3.8,0.0,4.3,0,5,0.634,0.89,0.38,0.85,0.64,0.63,0.78
67,195,24.4,26.3,5.9,4.0,9.9,3.8,1.0,4.1,0,2,0.683,0.88,0.41,1.12,0.27,1.16,0.91
82,116,19.9,26.3,8.4,1.3,9.7,3.8,-1.3,3.5,0,13,0.5,0.89,0.32,0.48,0.53,0.03,0.75
78,171,20.9,28.0,9.7,1.0,10.7,5.3,-1.2,4.8,0,4,0.634,0.93,0.51,0.43,0.58,0.03,0.74
80,242,21.3,27.3,9.2,2.3,11.5,4.7,-0.4,5.2,0,10,0.549,0.99,0.7,0.46,0.93,0.13,0.74
80,203,19.2,23.8,6.6,1.9,8.5,3.1,-0.5,3.6,0,6,0.61,0.77,0.93,0.4,0.83,0.17,0.73
80,180,19.0,20.7,8.6,3.5,12.1,3.6,0.6,4.5,0,3,0.659,0.64,0.8,0.33,0.54,0.05,0.79
57,146,24.5,32.9,5.4,3.1,8.5,6.2,0.8,5.1,0,16,0.512,1.07,0.64,0.57,0.78,0.26,0.75
66,127,27.0,28.9,5.5,5.7,11.2,4.8,2.8,5.4,0,0,0.72,0.79,0.37,1.08,0.36,1.2,0.74
82,222,28.2,27.1,10.1,6.0,16.1,6.5,3.0,9.1,0,12,0.537,0.86,0.78,1.32,0.79,0.62,0.75
56,137,22.5,26.2,4.1,2.8,6.8,2.9,1.1,2.7,0,9,0.549,0.69,0.33,0.71,0.35,0.76,0.76
74,172,22.3,24.3,6.4,4.6,11.0,4.1,2.8,4.9,0,0,0.72,0.62,0.53,0.43,0.86,0.16,0.79
61,153,21.6,26.6,4.6,3.1,7.7,2.4,1.9,3.7,0,10,0.549,0.86,0.64,0.61,1.54,0.14,0.68
75,344,23.2,35.0,5.3,3.7,9.0,4.2,0.0,5.0,0,14,0.524,1.2,1.09,0.39,1.28,0.05,0.67
80,262,25.7,29.7,9.7,4.6,14.3,7.0,1.7,9.1,0,15,0.512,1.06,0.99,0.72,1.18,0.3,0.75
66,167,19.5,21.3,3.1,4.2,7.2,3.3,1.4,4.1,0,16,0.512,0.56,1.13,0.72,0.99,0.06,0.7
78,201,22.9,31.2,6.5,5.4,12.0,5.2,1.5,6.9,0,5,0.622,1.0,0.79,0.61,0.92,0.31,0.7
56,82,20.7,17.4,6.3,2.3,8.6,2.7,1.4,3.1,0,6,0.61,0.61,0.54,0.91,0.66,0.55,0.78
75,245,22.0,20.5,9.7,1.2,10.9,5.5,-0.8,4.4,1,-1,0.756,0.61,1.57,0.32,0.53,0.04,0.83
78,176,26.1,28.7,10.3,5.2,15.6,5.8,1.5,7.1,0,2,0.707,1.02,0.42,0.95,0.66,0.7,0.73
73,203,27.0,30.5,6.4,4.6,11.0,4.1,1.2,4.6,0,1,0.72,0.89,0.38,1.02,0.26,1.07,0.89
82,230,21.8,26.6,7.7,3.6,11.2,4.0,0.7,4.9,0,11,0.549,0.84,0.58,0.64,0.86,0.22,0.74
77,321,23.1,30.9,6.7,4.3,11.0,3.9,0.7,4.9,0,1,0.72,0.94,0.93,0.5,0.84,0.48,0.72
80,218,22.0,32.0,6.8,2.6,9.4,3.5,-0.9,3.5,0,10,0.537,1.05,0.37,0.46,0.6,0.25,0.74
80,297,23.8,30.5,11.0,2.6,13.6,5.4,0.0,6.3,0,11,0.512,1.16,0.82,0.33,1.1,0.15,0.76
82,199,17.9,25.4,6.0,2.4,8.4,2.7,-1.2,2.8,0,9,0.537,0.83,0.73,0.28,0.55,0.06,0.75
81,170,23.4,22.9,12.7,2.8,15.5,6.2,0.1,6.1,0,-1,0.78,0.73,1.17,0.29,0.48,0.05,0.76
79,173,26.5,27.7,9.3,5.5,14.8,5.1,1.6,6.8,0,7,0.573,0.98,0.36,0.94,0.56,1.21,0.79
80,250,28.0,38.7,11.6,3.7,15.3,7.4,0.2,8.0,0,8,0.549,1.4,0.61,0.5,1.01,0.18,0.73
79,213,21.6,32.3,4.9,4.4,9.3,4.5,0.5,5.2,0,6,0.598,0.96,0.58,0.55,0.65,0.32,0.7
78,175,18.5,25.0,4.8,2.8,7.6,2.1,-0.5,2.4,0,7,0.573,0.68,0.85,0.35,0.52,0.07,0.71
80,198,23.1,27.7,3.9,6.9,10.8,2.3,2.6,4.9,0,0,0.768,0.73,0.43,1.03,0.48,0.96,0.72
80,235,22.7,26.4,6.6,5.4,12.0,3.9,1.7,6.0,0,5,0.598,0.8,0.63,0.84,0.31,0.91,0.75
65,121,22.4,25.0,5.1,3.7,8.8,3.8,3.0,4.1,0,0,0.768,0.6,0.49,0.33,0.85,0.19,0.78
79,260,28.1,33.6,12.0,4.3,16.3,7.5,1.6,9.4,0,4,0.61,1.24,0.89,0.66,0.85,0.4,0.77
78,174,18.9,22.1,7.6,4.1,11.7,2.6,0.5,3.9,0,6,0.598,0.77,0.52,0.64,0.42,0.1,0.78
80,192,19.2,19.1,4.5,5.6,10.1,2.8,2.6,5.5,0,6,0.598,0.53,1.14,0.68,1.03,0.17,0.72
69,203,20.7,20.5,3.6,4.3,7.9,3.4,3.1,5.6,0,12,0.5,0.6,0.59,0.75,0.81,1.52,0.72
79,276,23.3,23.3,10.3,2.1,12.4,5.7,-0.7,4.9,0,2,0.659,0.75,1.42,0.4,0.42,0.07,0.87
81,156,28.1,30.0,13.5,4.3,17.7,7.8,0.4,7.9,1,1,0.732,1.05,0.38,0.84,0.39,0.49,0.77
82,163,19.0,23.5,6.3,3.0,9.3,2.4,-0.8,2.7,0,12,0.5,0.71,0.32,0.85,0.27,0.42,0.74
80,249,20.8,27.1,5.5,4.1,9.6,2.4,0.4,3.3,0,0,0.768,0.75,0.78,0.31,0.57,0.02,0.83
78,183,22.1,22.2,6.8,3.6,10.4,3.0,2.2,5.1,0,16,0.463,0.64,1.06,0.48,1.23,0.04,0.68
80,170,21.2,28.3,8.8,2.0,10.8,4.7,-0.9,4.6,0,15,0.488,1.0,0.39,0.4,0.65,0.03,0.75
75,268,27.6,32.5,10.2,4.2,14.4,5.9,1.8,7.1,0,3,0.634,1.08,0.91,0.54,1.07,0.37,0.75
65,234,22.1,33.4,5.2,2.1,7.3,3.2,-1.3,2.5,0,8,0.549,1.23,0.5,0.56,0.63,0.17,0.73
74,236,24.0,31.4,9.3,1.5,10.8,5.5,-0.8,5.0,0,12,0.5,1.21,0.78,0.42,1.0,0.09,0.72
80,146,18.4,23.4,6.1,2.1,8.2,2.6,0.1,3.1,0,0,0.744,0.77,0.51,0.25,0.64,0.09,0.84
70,140,21.3,21.5,8.7,2.7,11.4,4.2,0.5,4.3,0,2,0.646,0.72,0.93,0.31,0.64,0.12,0.74
74,194,24.1,26.5,6.5,3.4,9.9,4.4,0.2,4.3,0,4,0.622,0.89,0.39,1.09,0.5,0.14,0.84
69,179,22.6,26.7,6.1,3.5,9.6,2.8,-0.1,3.1,0,7,0.573,0.96,0.33,0.99,0.3,0.64,0.75
80,202,23.1,24.3,7.2,4.3,11.5,3.4,0.8,4.8,0,14,0.488,0.87,0.38,0.86,0.51,1.11,0.8
77,255,26.1,33.6,10.8,2.2,13.0,6.4,-0.5,6.1,1,11,0.512,1.34,0.69,0.53,0.76,0.23,0.75
82,217,21.8,30.8,7.4,3.1,10.5,4.3,-0.4,4.6,0,13,0.5,1.07,0.62,0.56,0.53,0.18,0.75
63,193,21.0,26.5,4.1,2.3,6.4,3.1,0.5,3.2,0,10,0.512,0.85,1.05,0.41,1.14,0.23,0.72
80,224,26.1,27.9,6.3,6.8,13.0,3.8,3.2,6.2,0,1,0.707,0.85,0.44,0.98,0.44,1.17,0.82
75,157,24.1,27.1,6.3,4.3,10.6,5.3,2.5,5.1,0,1,0.707,0.7,0.45,0.4,0.77,0.18,0.8
82,249,18.2,29.3,4.7,3.9,8.6,2.5,-0.1,3.0,0,6,0.598,0.91,0.47,0.29,0.41,0.1,0.77
78,250,24.5,31.0,8.0,5.7,13.7,5.9,2.2,8.1,0,5,0.61,1.16,0.78,0.62,0.85,0.35,0.76
80,213,19.4,19.4,5.1,4.1,9.3,3.1,1.5,4.9,0,13,0.5,0.55,1.19,0.76,0.84,0.14,0.71
71,213,23.2,35.0,4.1,4.5,8.6,4.9,1.2,5.2,0,3,0.634,1.05,0.83,0.49,0.69,0.25,0.71
76,287,23.8,22.9,10.8,1.7,12.6,6.7,-0.8,5.3,0,0,0.744,0.79,1.5,0.33,0.4,0.04,0.92
78,167,27.6,28.9,11.8,4.5,16.3,7.2,1.2,7.4,0,-1,0.817,1.05,0.44,0.82,0.36,0.39,0.79
77,191,21.4,27.4,5.8,3.9,9.6,2.7,0.4,3.2,0,1,0.707,0.79,0.71,0.3,0.56,0.04,0.79
64,161,22.0,23.1,6.2,2.6,8.8,3.6,1.4,4.2,0,16,0.476,0.73,1.15,0.41,0.98,0.02,0.7
81,152,18.9,21.3,7.7,3.1,10.8,3.9,0.1,4.3,0,-1,0.817,0.71,0.67,0.26,0.53,0.1,0.84
51,216,28.9,34.7,5.9,2.9,8.8,6.3,1.8,4.9,0,9,0.537,1.17,0.97,0.43,1.11,0.6,0.75
77,253,21.1,30.2,5.2,3.0,8.2,2.5,-0.9,2.5,0,9,0.61,1.09,0.43,0.72,0.73,0.27,0.74
78,160,23.6,23.0,10.2,3.4,13.5,6.5,1.2,6.2,0,0,0.72,0.72,0.88,0.26,0.75,0.12,0.76
81,210,21.9,26.6,5.9,4.3,10.2,2.5,0.3,3.5,0,6,0.659,0.89,0.37,1.01,0.71,0.27,0.79
67,153,23.8,27.7,7.0,3.1,10.1,4.0,0.4,3.9,0,14,0.5,0.95,0.33,0.84,0.54,0.53,0.72
82,257,24.2,31.4,9.5,4.3,13.8,5.2,0.6,6.3,0,1,0.695,1.2,0.7,0.61,1.06,0.26,0.73
58,150,20.7,24.0,4.8,2.4,7.2,3.0,1.1,3.5,0,12,0.524,0.86,0.63,0.65,1.28,0.18,0.72
82,232,19.8,25.6,5.9,2.8,8.7,3.2,0.3,4.5,0,10,0.585,0.92,0.98,0.46,1.35,0.27,0.7
78,178,24.4,28.2,4.9,6.2,11.1,3.0,2.2,4.8,0,2,0.683,0.82,0.36,1.09,0.42,1.03,0.72
71,138,25.3,25.5,6.6,6.2,12.9,4.7,3.5,6.0,0,-1,0.805,0.8,0.45,0.9,0.82,0.66,0.78
74,200,24.3,28.7,6.6,4.5,11.1,5.6,2.7,6.0,0,2,0.683,0.83,0.58,0.46,0.85,0.24,0.78
72,132,18.2,24.5,4.8,2.9,7.7,2.3,0.1,2.6,0,0,0.72,0.73,0.54,0.32,0.58,0.07,0.74
82,214,19.0,23.8,5.3,4.4,9.6,2.5,1.5,4.9,0,15,0.488,0.84,0.62,0.53,1.21,0.32,0.71
82,245,20.9,26.7,8.9,2.8,11.6,3.4,-0.7,4.0,0,9,0.61,1.12,0.93,0.29,1.13,0.08,0.7
75,255,29.1,33.5,10.7,4.6,15.2,8.2,2.6,9.8,1,11,0.549,1.27,0.93,0.77,1.06,0.57,0.75
82,206,18.4,22.6,5.7,2.6,8.3,2.1,-0.3,2.9,0,15,0.488,0.72,0.89,0.38,0.74,0.04,0.71
81,295,21.1,22.0,9.0,1.4,10.5,5.8,-1.8,4.2,0,5,0.671,0.72,1.44,0.34,0.38,0.03,0.86
77,160,24.6,28.8,8.9,4.0,12.9,5.6,1.0,6.0,0,8,0.622,1.0,0.45,0.83,0.38,0.48,0.74
69,164,20.0,28.2,3.9,3.2,7.0,2.5,-0.1,2.6,0,2,0.683,0.79,0.77,0.31,0.46,0.06,0.72
80,201,28.3,25.7,13.2,4.6,17.8,7.2,3.2,9.3,0,3,0.683,0.89,1.5,0.39,1.57,0.03,0.76
80,221,19.6,24.8,6.7,5.7,12.4,3.3,1.4,5.0,0,-1,0.805,0.83,0.59,0.5,0.73,0.24,0.76
74,136,19.4,24.9,5.9,2.1,8.0,3.2,0.1,3.6,0,13,0.5,0.81,0.75,0.46,0.62,0.12,0.7
82,92,17.8,21.7,6.1,2.5,8.6,2.6,0.4,3.3,0,8,0.622,0.66,0.42,0.25,0.62,0.12,0.77
82,246,17.8,24.8,5.6,3.5,9.0,2.6,0.1,3.6,0,7,0.634,0.83,0.65,0.56,0.52,0.16,0.76
82,279,20.8,23.1,8.9,2.3,11.3,4.9,-1.1,4.5,0,6,0.659,0.8,1.36,0.29,0.64,0.15,0.78
77,173,18.8,21.8,7.8,2.1,9.9,3.9,-0.5,3.7,0,5,0.659,0.76,0.86,0.28,0.68,0.12,0.77
82,210,24.4,32.2,8.6,4.0,12.7,5.6,0.3,5.9,0,0,0.793,1.14,0.66,0.49,0.84,0.25,0.77
75,165,24.4,28.5,5.0,5.0,10.1,3.4,2.0,4.7,0,3,0.659,0.82,0.48,1.0,0.29,0.92,0.77
57,90,21.2,23.4,3.0,4.1,7.1,2.8,3.0,3.5,0,1,0.756,0.67,0.34,0.8,0.64,0.65,0.82
81,157,22.2,20.4,9.8,4.2,13.9,4.0,0.5,5.0,0,0,0.793,0.8,0.47,0.91,0.37,0.55,0.87
67,165,21.8,29.6,5.6,2.4,8.0,4.9,-0.1,4.2,0,16,0.439,1.09,0.37,0.48,0.59,0.79,0.79
82,222,18.4,22.3,5.6,3.5,9.2,2.6,0.6,4.3,0,14,0.5,0.8,0.72,0.54,0.92,0.24,0.78
81,241,31.7,33.8,13.7,6.5,20.3,9.5,3.7,11.8,1,-1,0.805,1.21,0.98,0.71,0.98,0.63,0.81
79,195,18.2,26.6,5.1,2.5,7.6,2.7,-0.9,3.1,0,10,0.573,0.91,0.78,0.41,0.61,0.13,0.75
82,199,18.6,21.8,6.2,2.5,8.8,2.4,0.0,3.3,0,14,0.5,0.69,0.88,0.42,0.77,0.09,0.74
74,248,19.5,21.1,6.7,0.5,7.3,4.5,-2.1,2.8,0,11,0.561,0.67,1.31,0.28,0.43,0.08,0.87
81,157,23.1,30.3,7.5,3.4,10.9,3.7,-0.3,4.2,0,7,0.61,1.1,0.33,0.79,0.43,0.43,0.76
72,186,23.4,31.7,5.6,3.0,8.6,3.8,-0.2,3.5,0,3,0.659,0.93,0.93,0.29,0.54,0.03,0.79
78,231,30.0,27.5,13.3,5.0,18.3,7.2,3.8,9.9,0,8,0.598,0.97,1.49,0.52,1.6,0.07,0.81
81,228,17.7,25.4,5.5,4.8,10.3,2.4,0.7,3.9,0,1,0.756,0.87,0.49,0.53,0.57,0.18,0.78
78,152,24.0,27.4,10.9,2.6,13.5,6.0,0.1,6.0,0,4,0.659,0.96,0.69,0.45,0.65,0.15,0.79
74,119,19.3,25.5,5.4,1.9,7.3,3.3,-0.3,3.1,0,7,0.61,0.83,0.46,0.23,0.76,0.15,0.82
79,272,30.4,36.2,10.3,4.4,14.7,8.2,2.4,9.6,0,12,0.524,1.28,1.01,0.47,1.26,0.73,0.79
68,228,21.1,24.7,6.5,1.9,8.4,4.8,-0.9,3.8,0,9,0.585,0.82,1.44,0.27,0.62,0.16,0.78
69,209,22.2,33.4,5.6,2.4,7.9,3.5,-1.2,2.9,0,5,0.646,1.21,0.4,0.62,0.75,0.23,0.75
73,177,20.2,24.3,7.7,1.7,9.5,4.5,-0.8,3.6,0,5,0.646,0.84,0.7,0.29,0.65,0.06,0.78
78,212,21.3,24.8,5.3,4.6,9.9,2.4,1.1,3.7,0,4,0.646,0.84,0.4,1.06,0.63,0.25,0.88
73,233,21.9,32.3,5.4,4.0,9.4,3.9,0.2,4.4,0,1,0.695,1.16,0.63,0.51,0.9,0.14,0.76
79,137,18.4,25.8,5.6,1.7,7.3,3.5,-1.1,2.7,0,6,0.646,0.77,0.38,0.24,0.45,0.08,0.82
78,140,24.7,26.0,6.4,4.5,10.9,4.4,1.8,5.0,0,7,0.61,0.77,0.4,0.95,0.34,0.8,0.81
82,271,26.2,32.0,11.1,5.0,16.1,6.3,0.8,7.5,0,8,0.61,1.29,0.35,0.72,0.8,0.55,0.8
65,143,22.9,21.4,6.8,4.2,11.0,3.7,1.3,4.2,0,1,0.695,0.79,0.42,1.07,0.33,0.93,0.84
75,154,22.5,25.8,6.5,3.2,9.7,5.1,1.6,4.7,0,7,0.61,0.71,0.62,0.36,0.8,0.17,0.8
76,261,31.1,33.5,13.3,5.2,18.5,9.1,2.8,10.3,0,-1,0.744,1.28,1.08,0.69,0.96,0.54,0.85
76,145,19.3,26.3,6.0,2.4,8.4,3.4,-0.7,3.4,0,6,0.646,0.91,0.61,0.44,0.63,0.04,0.79
58,79,18.2,17.7,3.3,2.7,6.0,2.7,2.4,3.0,0,4,0.646,0.51,0.34,0.43,0.83,0.65,0.83
81,295,21.6,22.9,9.1,0.8,9.9,6.1,-1.8,4.2,0,3,0.659,0.71,1.38,0.31,0.3,0.08,0.89
81,149,22.9,28.8,8.4,3.9,12.3,3.7,0.5,4.7,0,2,0.671,1.07,0.34,0.72,0.5,0.52,0.78
71,166,18.2,23.8,5.0,3.3,8.3,2.3,0.7,3.0,0,10,0.61,0.78,0.39,0.41,0.69,0.24,0.84
81,246,19.1,20.2,4.9,4.7,9.6,2.2,1.4,4.2,0,10,0.61,0.59,1.23,0.42,1.36,0.07,0.81
78,217,18.6,27.2,3.5,2.5,6.0,2.6,-0.9,2.7,1,15,0.5,0.89,0.76,0.36,0.43,0.19,0.77
65,129,21.3,26.7,7.0,2.1,9.1,4.7,0.0,4.1,0,9,0.61,0.92,0.59,0.41,0.55,0.13,0.79
81,198,21.0,22.2,4.2,5.1,9.3,2.4,2.7,5.1,0,6,0.646,0.67,0.53,0.82,0.93,1.13,0.79
77,252,28.0,34.9,8.5,4.6,13.0,7.1,2.1,7.9,0,11,0.573,1.14,0.82,0.46,1.07,0.57,0.78
76,252,20.6,23.8,7.4,3.0,10.3,4.2,-0.4,4.1,0,4,0.646,0.8,1.32,0.38,0.74,0.11,0.8
82,243,23.9,35.1,6.8,3.5,10.3,5.4,-0.2,5.0,0,3,0.695,1.14,0.63,0.49,0.68,0.08,0.78
76,122,21.9,22.9,3.7,4.0,7.7,2.2,2.2,3.5,0,0,0.744,0.61,0.35,0.86,0.37,1.03,0.8
78,218,23.6,30.6,8.6,3.3,12.0,5.2,-0.3,5.3,0,5,0.671,1.25,0.36,0.66,0.63,0.52,0.82
82,142,23.3,21.8,10.0,4.7,14.7,3.9,0.9,5.2,0,3,0.695,0.85,0.44,0.99,0.33,0.85,0.85
80,174,21.7,26.0,6.6,3.2,9.9,4.1,1.3,4.5,0,0,0.744,0.78,0.65,0.36,0.86,0.19,0.82
77,119,20.7,19.7,6.4,3.7,10.1,2.5,1.1,3.9,0,11,0.537,0.69,0.46,0.9,0.43,0.56,0.89
79,284,27.3,31.5,10.3,5.3,15.6,6.3,1.8,7.8,1,1,0.707,1.2,0.93,0.72,0.88,0.34,0.87
80,184,21.4,29.6,8.0,1.5,9.5,4.3,-1.0,3.5,0,12,0.524,1.06,0.33,0.31,0.56,0.1,0.81
75,265,20.8,21.4,7.3,0.7,7.9,4.7,-1.5,3.3,0,15,0.488,0.66,1.51,0.34,0.36,0.03,0.87
73,137,23.4,28.2,7.8,3.3,11.1,4.3,0.8,4.5,0,2,0.695,1.04,0.35,0.68,0.29,0.34,0.87
82,139,19.4,19.7,6.1,4.0,10.1,2.8,0.8,3.7,0,3,0.695,0.65,0.4,0.84,0.32,0.4,0.91
78,200,20.4,25.5,5.8,2.4,8.2,2.3,-0.4,2.4,0,0,0.744,0.79,0.87,0.29,0.64,0.02,0.85
80,177,23.7,21.1,9.5,4.4,13.9,4.4,2.8,6.7,0,10,0.561,0.71,1.3,0.4,1.32,0.03,0.8
80,171,19.7,24.0,6.5,5.1,11.6,3.0,1.6,4.6,0,4,0.683,0.85,0.43,0.52,0.56,0.34,0.88
81,278,23.5,32.2,8.3,4.8,13.1,6.3,0.5,6.7,0,-1,0.756,1.13,1.02,0.39,0.59,0.34,0.78
76,237,25.6,31.6,8.1,4.7,12.8,5.5,1.1,6.1,0,1,0.707,1.15,0.6,0.62,0.82,0.61,0.84
70,142,20.4,25.8,4.4,3.4,7.8,2.2,0.6,3.0,0,10,0.561,0.85,0.31,0.73,0.54,0.48,0.82
82,316,23.6,31.6,6.3,3.1,9.4,4.3,-0.1,4.4,0,5,0.671,0.99,1.09,0.45,1.06,0.2,0.73
53,187,22.1,26.2,5.9,0.8,6.7,5.0,-1.2,2.9,0,16,0.476,0.96,1.29,0.37,0.68,0.12,0.82
55,144,21.1,31.8,3.7,2.6,6.2,3.8,-0.2,2.7,0,13,0.545,1.04,0.48,0.57,0.62,0.22,0.71
58,204,21.9,35.7,4.2,2.0,6.2,4.2,-0.9,2.9,0,5,0.621,1.28,0.6,0.5,0.65,0.16,0.71
66,248,26.2,31.3,8.5,3.7,12.2,6.2,0.8,5.8,0,1,0.712,1.28,0.46,0.73,0.73,0.6,0.84
65,142,20.4,22.1,5.2,3.1,8.3,2.6,0.8,3.3,0,5,0.621,0.8,0.48,0.96,0.31,0.69,0.77
66,150,23.4,26.6,6.6,2.6,9.2,3.9,-0.2,3.4,0,6,0.606,0.95,0.42,1.0,0.45,0.37,0.85
62,137,21.1,21.6,7.5,1.8,9.3,4.1,0.2,3.1,0,1,0.712,0.77,0.49,0.37,0.55,0.12,0.89
62,213,30.7,32.0,10.0,4.5,14.5,8.2,2.7,7.6,1,2,0.697,1.24,0.82,0.73,1.01,0.41,0.85
61,149,19.4,21.2,5.7,1.2,6.9,3.6,-0.4,2.8,0,9,0.576,0.75,0.87,0.34,0.73,0.05,0.82
64,112,21.8,23.2,4.9,2.9,7.8,2.6,1.3,3.1,0,12,0.545,0.76,0.31,0.81,1.0,0.41,0.77
62,229,20.3,19.6,5.2,0.6,5.9,4.7,-1.2,2.7,0,16,0.5,0.57,1.41,0.28,0.33,0.07,0.89
60,153,22.0,27.7,5.5,1.6,7.1,3.6,-0.9,2.3,0,-1,0.758,0.84,1.02,0.26,0.52,0.04,0.75
60,124,27.0,24.3,10.4,2.3,12.7,6.7,2.4,6.1,0,6,0.606,0.91,1.19,0.33,1.38,0.04,0.8
61,173,19.6,28.1,3.3,3.7,7.0,3.0,1.1,3.2,0,8,0.591,0.89,0.59,0.48,0.63,0.22,0.77
66,239,22.9,32.7,5.5,2.4,7.9,3.7,-0.7,3.0,0,1,0.712,1.08,0.72,0.42,0.93,0.16,0.74
64,71,20.2,27.4,3.9,2.2,6.1,3.7,0.2,2.5,0,14,0.53,0.68,0.46,0.22,0.45,0.14,0.71
67,175,24.8,35.6,7.5,2.0,9.5,6.0,-1.7,3.9,0,5,0.659,1.23,0.34,0.64,0.43,0.27,0.73
78,287,23.0,31.9,8.4,2.6,10.9,4.7,-0.1,5.0,0,10,0.549,1.18,0.8,0.52,0.75,0.18,0.74
81,106,17.8,23.1,3.9,2.0,6.0,2.7,0.3,2.6,0,14,0.5,0.58,0.32,0.39,0.5,0.3,0.77
80,189,18.3,21.0,5.1,4.7,9.9,2.3,2.3,4.6,0,3,0.683,0.63,0.81,0.26,1.19,0.17,0.73
78,240,21.3,26.4,8.4,2.8,11.2,5.3,0.1,5.6,0,8,0.573,0.98,0.91,0.38,0.89,0.08,0.8
69,147,24.4,27.8,3.4,4.9,8.3,2.4,2.9,3.8,0,1,0.707,0.76,0.35,0.93,0.4,1.46,0.74
81,280,28.3,29.8,13.6,5.3,18.9,7.6,1.7,8.9,1,0,0.732,1.21,0.61,0.74,0.79,0.72,0.82
80,157,19.5,19.2,6.1,5.4,11.5,2.1,3.1,5.1,0,3,0.683,0.61,0.53,0.73,0.55,0.96,0.72
80,185,22.4,25.4,6.8,3.9,10.6,3.2,0.8,4.0,0,4,0.683,0.77,0.49,0.77,0.67,0.34,0.79
78,295,22.9,29.0,9.8,3.0,12.8,5.2,0.5,5.8,0,9,0.549,1.11,0.77,0.45,1.0,0.27,0.74
76,226,31.6,30.2,14.6,4.7,19.3,9.3,2.4,9.9,0,-1,0.805,1.15,0.96,0.75,0.93,0.49,0.88
73,182,17.9,22.3,5.6,1.8,7.4,2.5,-0.5,2.5,0,2,0.695,0.72,0.91,0.25,0.81,0.06,0.74
66,170,23.0,27.7,7.1,2.3,9.3,4.1,-0.5,3.1,0,1,0.707,0.87,1.0,0.28,0.45,0.05,0.78
70,159,26.4,22.6,10.6,3.4,13.9,6.4,2.4,6.4,0,4,0.683,0.73,1.28,0.35,1.33,0.08,0.77
77,214,19.1,27.4,3.5,3.7,7.2,3.0,0.7,3.6,0,15,0.506,0.8,0.64,0.59,0.6,0.22,0.73
69,194,24.0,29.5,6.1,3.5,9.6,3.7,0.7,3.8,0,-1,0.805,0.91,0.67,0.47,1.02,0.45,0.77
73,157,20.1,24.4,4.4,4.7,9.1,2.4,1.5,3.7,0,6,0.605,0.74,0.39,0.72,0.56,0.53,0.73
82,273,23.9,32.8,7.7,3.9,11.6,4.6,-0.2,4.6,0,0,0.732,1.0,0.98,0.49,0.97,0.16,0.69
78,218,20.3,24.4,9.1,1.8,10.9,4.5,-0.7,4.2,0,7,0.598,0.81,1.02,0.28,0.53,0.21,0.75
69,123,21.8,29.8,4.0,3.5,7.5,2.3,0.1,2.7,0,4,0.659,1.01,0.35,1.05,0.5,0.51,0.66
73,150,20.0,24.6,5.5,2.7,8.2,3.4,0.3,3.6,0,7,0.61,0.75,0.81,0.28,0.83,0.09,0.72
78,294,24.1,28.3,9.3,4.0,13.4,6.3,1.1,6.7,1,6,0.622,1.05,1.14,0.4,0.9,0.09,0.82
76,213,21.4,24.5,8.4,2.0,10.3,4.1,-0.2,4.0,0,9,0.585,0.89,0.79,0.3,0.75,0.15,0.81
81,285,29.8,33.0,14.8,4.4,19.2,8.8,1.4,9.6,0,0,0.72,1.4,0.74,0.7,0.7,0.38,0.81
80,224,20.1,28.3,4.4,6.4,10.8,2.7,2.1,5.0,0,2,0.683,0.95,0.47,0.64,1.04,0.14,0.71
68,139,20.0,24.7,3.3,2.4,5.7,2.8,1.2,2.4,0,-1,0.756,0.54,0.58,0.28,0.57,0.13,0.78
80,224,23.9,29.0,8.1,4.1,12.2,3.8,0.7,4.7,0,1,0.695,1.05,0.52,0.89,0.63,0.33,0.77
73,265,23.5,27.8,10.1,2.7,12.8,5.4,0.2,5.3,0,3,0.659,1.11,0.82,0.45,0.87,0.21,0.76
77,270,29.3,31.0,12.3,3.7,15.9,7.8,1.1,7.9,0,5,0.659,1.18,0.85,0.65,0.86,0.18,0.88
82,193,18.6,25.0,7.8,1.8,9.6,3.8,-0.6,3.9,0,4,0.659,0.9,0.75,0.33,0.43,0.14,0.73
77,196,26.9,28.8,10.6,3.7,14.3,8.3,0.6,7.7,0,15,0.488,1.14,0.59,1.18,0.42,0.23,0.76
79,194,20.1,22.9,8.4,3.3,11.7,4.1,0.6,4.8,0,11,0.585,0.78,0.99,0.44,0.84,0.1,0.74
80,117,23.6,26.9,8.6,2.3,10.9,5.0,0.0,4.7,0,8,0.598,0.95,0.36,0.59,0.5,0.29,0.79
62,145,25.9,23.7,9.0,3.2,12.2,6.0,2.6,5.8,0,1,0.695,0.83,1.43,0.41,1.36,0.03,0.74
82,295,19.5,27.4,4.0,4.0,7.9,2.4,0.4,3.6,0,12,0.537,0.84,1.18,0.38,1.0,0.25,0.68
65,93,21.3,21.6,8.2,3.0,11.2,3.4,1.2,4.2,0,8,0.61,0.85,0.43,0.56,0.93,0.29,0.76
70,156,18.6,23.7,4.2,2.7,6.8,2.6,0.2,2.7,0,4,0.671,0.67,0.71,0.29,0.68,0.11,0.76
80,249,28.0,28.9,11.5,4.1,15.7,8.2,1.7,7.9,1,-1,0.817,1.01,1.03,0.41,1.09,0.11,0.89
77,131,22.6,22.2,4.9,4.7,9.6,2.3,2.8,4.0,0,3,0.671,0.59,0.4,0.87,0.44,1.04,0.77
81,176,21.7,24.6,5.5,4.7,10.2,2.7,2.4,4.8,0,4,0.671,0.74,0.51,0.74,0.46,0.86,0.75
78,158,22.7,24.7,6.0,4.4,10.4,2.9,0.6,3.7,0,8,0.61,0.79,0.36,1.13,0.17,1.0,0.75
67,152,22.8,28.4,6.6,2.4,9.0,3.8,0.2,3.6,0,2,0.683,0.93,0.7,0.72,0.5,0.28,0.76
81,321,26.7,31.3,12.2,4.2,16.4,7.0,1.8,8.1,0,1,0.683,1.16,0.93,0.54,1.01,0.39,0.77
76,206,20.2,26.2,5.8,2.9,8.7,3.5,0.5,4.0,0,16,0.463,0.82,0.55,0.47,0.76,0.21,0.75
76,100,21.4,22.2,5.1,3.6,8.7,2.6,1.5,3.6,0,0,0.732,0.64,0.43,0.68,0.47,0.69,0.82
75,186,21.5,26.2,8.4,2.0,10.4,4.4,-0.4,4.2,0,5,0.646,0.92,0.69,0.3,0.81,0.14,0.8
69,272,25.9,32.3,7.4,2.9,10.4,6.1,1.0,5.7,0,5,0.646,1.07,0.99,0.58,0.84,0.38,0.81
64,97,22.0,23.0,4.2,4.4,8.6,2.8,3.1,4.1,0,3,0.671,0.7,0.34,0.69,1.23,0.4,0.78
82,222,20.7,26.9,7.3,3.3,10.6,4.3,0.3,4.9,0,6,0.622,0.89,0.82,0.44,0.63,0.14,0.76
70,173,19.3,25.4,5.1,2.0,7.1,3.2,-0.1,3.1,0,9,0.598,0.75,0.9,0.45,0.83,0.1,0.72
82,190,26.0,23.7,12.9,3.2,16.1,6.4,1.6,7.2,0,2,0.683,0.81,1.36,0.44,1.01,0.1,0.82
73,205,20.6,25.3,5.0,2.8,7.7,2.7,0.3,2.8,0,0,0.732,0.67,0.94,0.24,0.91,0.22,0.75
77,149,20.8,27.6,5.7,3.1,8.8,4.5,-0.1,4.0,0,-1,0.817,0.92,0.38,0.31,0.6,0.42,0.84
79,304,19.9,26.1,3.6,4.2,7.8,2.6,1.0,4.0,0,10,0.561,0.74,1.34,0.44,0.93,0.3,0.71
67,293,29.1,38.4,7.5,3.2,10.6,6.9,1.2,5.8,0,12,0.549,1.19,1.14,0.7,1.12,0.11,0.69
53,78,20.2,24.7,4.1,2.3,6.4,3.6,0.5,2.7,0,7,0.585,0.74,0.32,0.67,0.4,0.36,0.75
67,132,21.3,24.4,6.5,2.7,9.1,3.2,1.2,3.9,0,14,0.512,0.81,0.63,0.49,0.96,0.36,0.7
79,262,31.5,32.6,13.8,4.1,17.9,10.3,1.6,9.5,0,-1,0.89,1.17,0.88,0.5,1.25,0.11,0.91
78,175,21.5,29.8,7.5,2.4,9.9,3.2,-0.7,3.2,0,2,0.683,0.91,0.53,0.41,0.61,0.15,0.67
72,250,28.2,30.6,11.0,3.5,14.5,8.4,1.6,7.8,0,3,0.671,1.09,0.66,0.75,0.56,0.65,0.83
72,164,21.7,24.6,3.2,3.9,7.1,2.7,2.3,4.0,0,14,0.512,0.64,0.54,1.0,0.34,1.13,0.7
81,265,20.9,30.4,4.4,4.8,9.2,3.7,1.2,4.9,0,9,0.549,0.9,0.54,0.63,1.1,0.2,0.71
81,259,19.3,18.8,6.0,5.1,11.1,2.6,2.9,5.3,0,-1,0.89,0.54,0.98,0.86,0.86,0.78,0.8
82,374,25.3,32.5,10.7,2.6,13.3,6.4,0.2,6.8,0,15,0.5,1.13,0.99,0.56,0.99,0.34,0.74
82,107,19.4,20.6,4.9,4.5,9.4,2.2,1.6,3.9,0,6,0.585,0.59,0.42,0.66,0.49,0.82,0.79
79,223,19.6,29.1,4.9,1.9,6.9,3.4,-0.6,2.8,0,11,0.537,0.73,0.82,0.29,0.44,0.08,0.7
76,249,27.5,31.4,9.6,4.0,13.6,7.0,2.0,7.5,0,1,0.695,0.98,0.89,0.68,0.8,0.36,0.8
72,105,26.0,25.8,8.3,5.5,13.7,6.1,3.0,6.7,0,0,0.817,0.82,0.34,0.62,1.04,0.55,0.82
75,242,22.2,31.3,7.7,1.4,9.2,5.7,-1.3,4.3,0,10,0.537,0.97,0.9,0.37,0.51,0.21,0.72
77,142,19.0,23.4,4.7,3.8,8.5,3.0,0.3,3.3,0,1,0.695,0.62,0.32,0.9,0.44,0.29,0.72
77,225,22.2,26.1,8.0,3.7,11.6,4.7,1.1,5.7,0,2,0.683,0.82,0.85,0.43,1.2,0.24,0.75
80,196,17.7,27.1,4.4,1.7,6.0,2.3,-1.0,2.3,0,10,0.537,0.81,0.56,0.3,0.71,0.16,0.75
74,194,26.2,27.1,9.2,3.5,12.7,5.9,2.0,6.0,0,4,0.646,0.76,1.32,0.38,1.2,0.1,0.75
82,220,21.5,29.6,7.2,2.5,9.7,4.9,-0.6,4.2,0,8,0.585,0.86,0.82,0.27,0.65,0.06,0.71
81,171,20.8,26.5,6.3,3.6,9.9,3.5,0.5,4.3,0,5,0.585,0.81,0.69,0.4,0.91,0.27,0.72
80,342,27.6,31.6,10.0,4.0,14.0,6.4,1.4,6.8,1,3,0.671,0.91,1.38,0.71,1.19,0.14,0.71
80,234,26.1,28.3,7.9,4.5,12.4,4.9,2.4,6.7,0,12,0.512,0.92,0.74,0.8,0.91,1.13,0.66
77,156,20.1,26.5,6.9,1.6,8.5,4.2,-1.0,3.5,0,7,0.598,0.93,0.47,0.28,0.6,0.16,0.69
76,159,25.1,26.5,10.1,3.8,13.8,5.6,1.7,6.6,0,15,0.5,0.96,0.75,0.56,1.05,0.25,0.6
69,156,23.2,26.3,7.5,2.5,10.0,6.0,0.8,5.1,0,9,0.524,0.83,0.86,0.32,0.74,0.17,0.66
79,239,24.6,30.1,8.7,3.9,12.6,6.7,0.3,5.9,0,-1,0.817,1.02,0.91,0.41,1.0,0.13,0.71
74,180,24.0,34.3,6.7,2.4,9.0,4.1,-1.0,3.3,0,6,0.622,1.1,0.54,0.47,0.58,0.11,0.58
73,212,19.8,27.1,5.0,2.6,7.5,2.7,-0.1,2.9,0,14,0.5,0.82,0.79,0.35,0.68,0.11,0.64
62,138,27.6,27.8,8.0,4.0,12.0,6.7,2.2,5.7,0,-1,0.817,1.01,0.66,0.75,0.59,0.96,0.72
74,166,20.3,26.4,4.2,3.5,7.7,3.8,1.4,4.6,0,9,0.524,0.79,0.62,0.57,0.51,0.8,0.61
75,220,20.2,28.9,3.9,3.1,7.1,3.0,0.1,3.4,0,11,0.512,0.95,0.46,0.6,0.89,0.22,0.65
61,142,22.6,28.0,5.4,2.4,7.7,4.2,0.5,3.5,0,3,0.622,0.87,0.67,0.74,0.52,0.22,0.62
81,464,27.4,34.2,11.5,3.6,15.0,7.5,1.2,8.0,1,1,0.671,1.17,1.53,0.74,0.83,0.28,0.64
73,140,22.2,27.6,7.1,3.3,10.4,4.6,0.5,4.5,0,4,0.622,0.88,0.47,0.49,0.56,0.16,0.65
68,115,17.7,19.7,3.6,2.7,6.3,2.3,1.1,3.0,0,2,0.646,0.56,0.68,0.62,0.42,0.75,0.64
72,180,23.0,30.8,7.4,1.5,8.9,4.7,-1.3,3.4,0,5,0.622,1.02,0.79,0.29,0.64,0.2,0.65
74,303,27.0,30.0,9.8,3.0,12.9,6.4,1.2,6.7,0,5,0.622,1.06,1.19,0.79,0.69,0.35,0.72
73,171,26.3,23.5,7.7,2.0,9.7,5.9,1.4,4.8,0,16,0.488,0.67,0.67,0.9,0.47,0.45,0.74
74,154,27.6,31.1,8.9,4.7,13.6,7.1,2.2,7.1,0,0,0.744,1.03,0.48,0.53,1.0,0.44,0.66
75,197,24.1,31.5,8.8,1.5,10.4,6.1,-1.1,4.8,0,13,0.5,1.09,0.8,0.45,0.51,0.16,0.63
60,173,22.9,24.9,7.8,2.3,10.1,5.8,0.4,4.6,0,6,0.622,0.9,0.95,0.43,0.82,0.19,0.69
80,172,19.9,27.5,6.2,1.4,7.6,3.4,-1.4,2.8,0,13,0.5,0.92,0.49,0.33,0.5,0.31,0.66
61,147,26.2,24.4,7.9,2.6,10.6,6.3,2.5,5.2,0,3,0.622,0.73,1.26,0.45,1.09,0.08,0.68
82,216,19.2,22.1,5.7,2.4,8.1,2.3,-0.1,2.8,0,11,0.512,0.62,1.06,0.37,0.68,0.23,0.6
76,210,26.5,34.0,10.9,1.6,12.5,7.8,-1.1,5.6,0,2,0.646,1.16,0.8,0.25,0.51,0.1,0.66
78,322,23.2,30.6,5.8,3.0,8.8,4.6,0.1,4.8,0,7,0.598,0.93,1.46,0.38,1.12,0.38,0.59
81,438,30.6,41.7,8.5,4.6,13.1,8.7,2.4,9.3,0,8,0.573,1.27,1.42,0.97,0.91,0.23,0.58
75,223,27.3,31.2,8.3,3.6,11.9,5.3,0.9,5.7,1,14,0.537,1.03,0.62,0.87,0.83,0.79,0.74
82,214,18.4,27.6,4.4,2.5,6.9,2.9,-0.7,3.1,0,15,0.524,0.87,0.59,0.39,0.67,0.25,0.71
71,206,20.0,26.0,3.2,2.4,5.7,2.4,0.4,2.7,0,14,0.537,0.68,0.66,0.34,1.16,0.32,0.73
59,108,23.7,24.9,7.1,1.8,8.9,5.0,0.7,4.2,0,11,0.573,0.85,0.63,0.46,1.12,0.23,0.69
51,153,28.2,31.0,7.2,1.9,9.1,7.8,0.0,4.0,0,1,0.707,1.01,0.79,0.45,0.9,0.09,0.84
80,175,21.0,29.6,6.8,2.8,9.6,3.3,-0.6,3.2,0,0,0.72,0.88,0.67,0.34,0.61,0.16,0.66
68,207,26.0,30.4,7.5,2.9,10.4,6.7,0.6,5.5,0,1,0.707,1.01,0.7,0.59,0.42,0.98,0.79
79,212,18.7,25.7,5.0,3.9,8.9,2.3,0.6,3.6,0,8,0.585,0.84,0.43,0.49,1.16,0.28,0.7
72,315,29.8,36.1,11.6,3.8,15.4,8.5,1.4,7.7,0,-1,0.793,1.17,1.13,0.47,1.0,0.39,0.73
60,140,25.0,31.0,6.3,2.7,8.9,6.4,0.9,4.5,0,2,0.671,0.94,0.66,0.33,0.62,0.16,0.77
82,347,28.6,31.6,11.0,3.0,14.0,7.3,1.4,8.2,0,4,0.61,1.05,1.18,0.75,0.81,0.49,0.8
75,210,24.4,24.2,7.8,2.9,10.7,5.3,1.6,5.5,0,12,0.561,0.71,0.79,0.93,0.69,0.46,0.75
73,206,25.2,30.6,9.9,2.7,12.6,7.0,0.3,6.3,0,5,0.598,1.03,0.85,0.39,0.6,0.21,0.7
78,183,19.5,21.7,7.0,3.1,10.2,4.7,0.5,4.5,0,0,0.72,0.62,0.89,0.48,0.62,0.14,0.75
75,219,23.1,30.1,4.3,4.0,8.2,4.1,1.7,5.0,0,9,0.585,0.89,0.56,0.45,1.35,0.43,0.73
58,128,24.4,24.5,7.5,2.7,10.2,5.2,1.8,4.2,0,-1,0.793,0.72,1.02,0.47,0.95,0.14,0.74
82,159,24.9,22.9,10.6,3.4,14.0,4.9,0.2,5.2,0,11,0.573,0.82,0.31,1.07,0.45,0.79,0.81
80,381,24.7,34.1,5.5,4.5,10.1,4.8,1.5,6.1,0,8,0.585,0.97,1.33,0.87,1.05,0.14,0.64
79,234,20.2,29.8,5.5,1.2,6.7,4.2,-1.8,2.8,0,16,0.512,0.87,0.68,0.22,0.62,0.14,0.68
81,144,22.9,26.9,6.4,2.9,9.3,2.4,-0.6,2.6,0,9,0.585,0.8,0.32,0.81,0.32,0.72,0.72
72,268,30.9,32.3,8.9,5.5,14.4,6.3,4.1,7.4,1,-1,0.732,1.04,0.78,1.1,0.76,0.83,0.83
55,81,19.8,22.1,4.4,2.1,6.6,2.4,0.7,2.4,0,5,0.622,0.68,0.53,0.46,1.08,0.29,0.68
69,192,24.4,30.4,7.2,2.5,9.7,7.1,-0.5,5.1,0,1,0.695,1.02,0.69,0.47,0.79,0.2,0.83
78,225,24.2,29.0,8.6,2.9,11.5,5.4,0.1,5.1,0,1,0.695,0.97,0.77,0.56,0.44,0.59,0.79
64,226,26.1,33.3,4.9,3.8,8.7,4.0,0.9,3.8,0,5,0.622,1.03,0.48,1.2,0.43,1.04,0.71
68,99,21.0,23.8,6.4,1.8,8.2,4.9,-0.5,3.3,0,10,0.585,0.74,0.35,0.54,0.43,0.18,0.76
77,205,23.3,29.5,7.0,4.9,11.9,5.6,1.6,6.6,0,7,0.598,1.05,0.54,0.72,1.32,0.24,0.73
75,253,21.0,30.2,5.1,2.9,8.0,4.9,0.2,4.7,0,14,0.5,0.92,0.71,0.66,0.41,0.2,0.73
78,387,30.6,40.5,11.4,3.8,15.2,9.4,1.6,9.3,0,3,0.646,1.35,0.99,0.58,1.21,0.4,0.75
68,102,20.2,18.9,4.5,2.9,7.5,3.3,1.9,3.6,0,8,0.598,0.51,0.55,0.59,0.52,0.68,0.81
67,172,24.3,29.6,6.2,2.9,9.1,6.0,1.1,5.1,0,8,0.598,0.89,0.91,0.44,0.92,0.28,0.77
80,248,26.3,27.4,7.5,4.3,11.8,6.2,2.9,7.0,0,2,0.659,0.75,0.96,0.95,0.81,0.37,0.75
60,121,25.8,30.3,6.1,3.4,9.5,6.1,1.1,4.7,0,0,0.707,0.99,0.44,0.64,1.06,0.22,0.75
80,212,23.7,29.3,9.7,2.4,12.1,6.6,-0.3,6.0,0,4,0.646,0.97,0.91,0.41,0.66,0.23,0.72
72,168,23.4,24.7,4.4,3.3,7.8,2.1,1.7,2.8,0,4,0.646,0.58,0.43,0.91,0.59,0.77,0.7
58,152,19.7,22.5,4.4,2.2,6.6,2.7,1.1,2.8,0,3,0.646,0.58,1.08,0.4,1.18,0.17,0.7
79,274,20.0,22.1,4.6,3.6,8.2,2.2,1.3,3.8,0,5,0.622,0.63,1.02,0.77,0.85,0.42,0.78
80,159,25.5,28.0,5.4,4.7,10.1,5.0,1.7,5.5,0,12,0.512,0.78,0.51,1.05,0.6,0.6,0.76
63,230,31.9,37.5,6.1,5.0,11.1,7.4,4.1,6.6,0,-1,0.767,1.09,0.71,1.25,0.6,0.62,0.8
70,264,20.6,30.0,6.0,1.5,7.5,3.4,-1.3,2.6,0,15,0.466,0.99,0.83,0.39,0.43,0.15,0.74
58,127,23.6,25.1,6.3,2.7,9.0,4.0,1.5,3.7,0,9,0.603,0.74,0.77,0.61,1.1,0.32,0.65
62,154,27.4,29.3,6.7,4.4,11.1,5.4,2.6,5.4,0,1,0.732,0.97,0.41,0.85,0.91,1.35,0.73
61,260,27.6,36.8,6.5,2.3,8.8,7.4,1.0,5.4,0,10,0.573,1.07,1.12,0.86,0.63,0.13,0.73
51,159,25.8,32.9,3.3,2.7,6.0,3.7,1.0,2.5,0,11,0.589,0.85,0.38,1.07,0.55,0.74,0.7
68,308,29.1,36.3,9.9,3.2,13.1,8.1,1.6,7.3,0,6,0.611,1.27,0.96,0.6,1.14,0.52,0.74
67,261,25.5,31.5,6.2,3.6,9.8,6.6,1.8,6.1,0,1,0.732,0.94,1.3,0.72,0.72,0.32,0.75
73,226,24.9,26.6,6.7,3.1,9.8,5.5,2.0,5.5,1,4,0.63,0.74,0.89,0.89,0.72,0.35,0.77
57,149,26.9,33.0,5.4,3.3,8.7,6.5,2.4,5.1,0,2,0.681,1.0,0.62,0.65,1.12,0.34,0.72
66,194,26.9,30.3,10.9,0.7,11.6,8.3,-0.9,5.9,0,12,0.473,1.11,1.02,0.39,0.66,0.19,0.77
58,178,17.7,23.1,4.2,3.3,7.5,2.2,1.0,2.8,0,0,0.736,0.72,0.95,0.46,0.87,0.26,0.71
62,137,21.1,26.4,4.6,3.3,7.9,3.4,0.7,2.9,0,-1,0.767,0.78,0.54,0.57,0.53,0.06,0.79
69,184,18.8,30.8,3.2,2.2,5.4,2.4,-0.6,2.3,0,7,0.611,0.89,0.54,0.4,0.63,0.12,0.7
70,161,21.7,23.3,5.9,3.0,8.9,3.0,1.4,3.5,0,8,0.611,0.65,0.86,0.46,0.99,0.09,0.75
66,155,20.4,28.6,3.2,3.7,6.9,3.5,0.6,3.4,0,3,0.667,0.87,0.38,0.64,0.87,0.5,0.72
62,88,21.9,25.8,3.5,2.9,6.4,3.7,0.5,3.1,0,16,0.452,0.73,0.45,1.0,0.54,0.45,0.72
56,117,20.0,27.2,3.9,2.0,5.9,4.9,-0.3,2.9,0,3,0.667,0.76,0.61,0.36,0.53,0.29,0.72
64,169,22.7,23.7,5.6,3.2,8.8,2.9,2.0,3.7,0,11,0.556,0.7,0.68,0.81,0.67,0.61,0.72
61,207,29.2,32.5,6.9,3.3,10.2,6.2,2.8,5.6,0,5,0.639,1.05,0.74,0.99,0.68,0.71,0.76
60,187,22.7,34.1,4.2,1.7,5.9,4.8,-1.4,2.9,0,15,0.472,1.16,0.56,0.43,0.66,0.22,0.67
52,109,26.5,26.6,6.6,2.7,9.3,5.4,2.3,4.3,0,11,0.556,0.8,0.9,0.62,1.19,0.21,0.65
51,99,19.2,23.1,4.0,2.1,6.1,3.6,1.3,2.6,0,-1,0.722,0.6,0.76,0.31,0.79,0.11,0.7
63,213,26.3,34.8,6.5,2.5,9.0,8.3,0.4,5.8,0,12,0.542,1.19,0.73,0.49,0.7,0.08,0.76
66,281,25.3,36.0,5.1,2.6,7.7,6.1,0.7,5.1,0,6,0.583,1.03,1.09,0.72,0.56,0.32,0.69
51,159,30.3,35.3,5.6,3.2,8.8,6.3,1.2,3.8,0,1,0.681,1.06,0.36,0.95,0.56,0.8,0.69
54,179,20.5,30.0,3.0,2.3,5.3,3.9,0.3,2.9,0,3,0.653,0.87,0.66,0.6,0.66,0.26,0.7
62,107,20.0,23.9,4.1,3.1,7.1,2.9,0.8,2.9,0,1,0.681,0.73,0.45,0.61,0.51,0.48,0.7
59,127,20.0,22.2,4.3,2.2,6.6,2.8,0.6,2.6,0,5,0.639,0.66,0.76,0.41,0.94,0.37,0.72
54,130,24.4,30.4,5.8,1.6,7.4,5.7,-0.2,3.6,0,2,0.667,1.0,0.76,0.43,0.81,0.41,0.73
72,222,31.3,29.6,12.2,3.4,15.6,9.1,3.0,8.8,1,4,0.653,0.98,1.05,0.98,0.76,0.4,0.76
52,105,26.0,28.6,6.4,2.4,8.8,6.0,1.3,4.2,0,3,0.653,0.92,0.65,0.58,0.9,0.24,0.72
67,203,25.6,31.4,9.6,0.8,10.4,7.5,-1.3,5.0,0,8,0.583,1.07,0.95,0.38,0.53,0.15,0.7
53,147,21.3,33.5,3.9,2.2,6.2,4.6,-0.2,2.8,0,-1,0.722,0.98,0.66,0.4,0.56,0.17,0.66
70,156,21.4,22.6,6.5,2.7,9.2,3.5,1.1,3.6,0,0,0.708,0.61,1.12,0.4,0.81,0.16,0.7
71,241,19.7,29.3,3.4,4.3,7.8,2.9,0.9,3.9,0,10,0.569,0.9,0.76,0.92,0.52,0.15,0.65
62,213,20.6,24.1,4.0,3.0,6.9,2.3,1.6,3.3,0,16,0.472,0.76,0.85,1.08,0.71,0.31,0.71
64,171,21.3,30.8,4.1,2.5,6.5,4.2,-0.3,3.4,0,14,0.5,0.98,0.54,0.66,0.67,0.28,0.67
63,261,23.0,33.0,5.9,1.3,7.2,5.3,-1.7,3.0,0,9,0.569,0.94,1.19,0.35,0.48,0.11,0.63
67,219,32.1,34.9,9.2,3.7,12.9,7.6,3.5,7.4,0,4,0.622,1.05,0.72,1.11,0.63,0.78,0.74
75,245,19.7,28.2,3.4,2.5,5.8,3.3,0.1,3.3,0,14,0.524,0.71,0.94,0.64,0.93,0.23,0.66
76,111,17.6,23.1,4.5,2.7,7.2,2.5,0.3,2.7,0,0,0.683,0.64,0.34,0.42,0.71,0.22,0.72
68,162,21.3,32.0,4.3,3.3,7.6,3.9,0.2,3.6,0,-1,0.78,0.94,0.6,0.48,0.66,0.22,0.67
57,121,23.6,26.5,6.2,2.9,9.2,4.5,1.9,4.0,0,2,0.646,0.75,0.68,0.56,0.97,0.27,0.63
64,206,21.4,30.8,4.6,3.4,8.0,5.4,0.4,4.4,0,1,0.646,0.9,0.78,0.5,0.78,0.21,0.7
76,181,23.1,31.8,7.0,1.8,8.8,3.4,-0.9,3.1,0,11,0.561,0.98,0.61,0.49,0.52,0.18,0.66
65,292,25.1,37.4,3.8,3.8,7.6,6.4,1.8,5.9,0,3,0.634,1.0,1.08,0.87,0.67,0.32,0.67
55,191,25.6,31.2,6.4,2.0,8.4,6.4,0.7,4.8,0,13,0.537,1.05,0.79,0.71,0.51,0.55,0.72
68,214,31.2,37.2,7.9,4.1,12.0,7.2,2.0,6.5,1,5,0.622,1.08,0.52,1.12,0.66,0.84,0.68
68,248,19.0,27.8,3.8,2.5,6.3,3.4,-0.8,2.8,0,12,0.537,0.76,1.06,0.31,0.77,0.06,0.68
67,183,19.8,23.5,4.5,2.4,6.9,2.9,0.3,2.9,0,4,0.622,0.64,0.84,0.43,0.94,0.25,0.72
74,281,32.8,31.9,10.8,4.5,15.2,9.2,4.5,9.8,0,8,0.585,0.95,0.98,1.31,0.86,0.49,0.79
67,171,20.0,28.8,4.5,1.3,5.8,3.9,-1.5,2.6,0,11,0.561,0.86,0.56,0.44,0.36,0.2,0.7
67,200,21.6,32.9,4.7,2.5,7.2,4.6,-0.3,3.6,0,7,0.598,0.91,0.66,0.4,0.87,0.1,0.68
57,196,24.4,33.7,4.6,2.1,6.7,6.2,-0.1,3.9,0,0,0.683,0.97,0.83,0.54,0.68,0.22,0.67
65,153,20.8,19.7,5.8,3.6,9.4,3.1,2.3,4.0,0,-1,0.78,0.52,1.34,0.42,1.09,0.18,0.68
73,96,17.6,23.2,4.3,1.6,5.9,2.4,-0.7,2.3,0,14,0.524,0.68,0.55,0.41,0.75,0.2,0.69
68,181,20.3,25.8,4.9,3.2,8.1,2.7,0.8,3.6,0,9,0.585,0.8,0.65,0.81,0.73,0.36,0.67
76,217,21.8,32.1,5.0,4.6,9.6,4.3,0.6,4.8,0,6,0.622,0.95,0.54,0.76,0.58,0.37,0.67
74,226,24.1,27.8,7.1,3.2,10.3,4.5,0.5,4.4,0,10,0.561,0.87,0.45,0.94,0.57,0.65,0.75
76,303,25.4,34.4,9.0,1.0,10.0,7.1,-2.0,4.8,0,15,0.524,1.0,1.2,0.36,0.56,0.05,0.68
63,246,29.0,38.8,4.9,3.7,8.6,5.8,2.7,5.4,0,-1,0.707,1.14,0.72,1.08,0.51,0.43,0.8
58,126,19.1,26.1,3.5,2.3,5.8,3.3,0.1,2.5,0,3,0.622,0.78,0.55,0.46,0.6,0.2,0.79
53,145,22.0,31.8,4.2,1.9,6.0,4.5,-0.3,2.9,0,7,0.549,1.01,0.7,0.42,0.59,0.18,0.76
68,142,21.2,27.2,6.9,1.8,8.7,4.4,-0.5,3.5,0,6,0.573,0.88,0.78,0.33,0.56,0.12,0.76
64,101,27.6,25.6,9.4,2.9,12.3,6.7,2.0,5.8,0,11,0.537,0.84,0.67,0.54,1.13,0.17,0.78
56,179,24.1,31.0,5.8,2.0,7.8,7.5,0.1,4.7,0,9,0.537,1.07,0.8,0.56,0.58,0.19,0.85
56,122,27.8,28.4,5.5,3.4,9.0,4.6,1.7,4.0,0,12,0.524,0.95,0.33,1.15,0.65,1.08,0.8
66,226,31.4,37.0,8.4,3.9,12.3,6.8,2.3,6.4,0,1,0.659,1.21,0.53,0.93,0.62,0.9,0.8
73,181,21.8,30.1,5.5,1.8,7.4,3.4,-0.9,2.7,0,5,0.585,0.91,0.78,0.39,0.71,0.17,0.77
69,199,18.8,26.9,4.5,3.0,7.6,3.2,-0.7,2.7,0,4,0.622,0.79,0.99,0.25,0.76,0.07,0.75
58,195,21.6,25.0,5.8,2.6,8.4,5.1,0.3,4.0,0,1,0.659,0.77,1.35,0.56,0.76,0.28,0.75
67,197,19.2,25.0,3.9,2.8,6.7,3.0,0.1,2.8,0,-1,0.707,0.7,0.94,0.47,0.73,0.2,0.77
55,178,23.9,33.3,3.2,2.4,5.6,5.5,0.6,4.0,0,12,0.524,1.06,0.86,0.76,0.56,0.31,0.76
69,247,31.5,27.2,11.2,3.8,14.9,8.5,4.5,8.8,1,2,0.646,0.89,1.24,1.09,0.78,0.36,0.92
52,88,23.9,27.0,4.9,2.2,7.1,5.1,0.9,3.5,0,10,0.537,0.87,0.5,0.6,0.85,0.29,0.8
68,180,22.9,32.1,5.4,3.5,8.9,5.6,0.6,5.0,0,4,0.622,1.03,0.56,0.39,0.9,0.21,0.8
61,206,23.3,34.9,3.4,2.6,6.0,5.2,0.5,3.8,0,3,0.622,0.96,1.02,0.54,0.67,0.14,0.7
77,216,20.3,29.5,5.0,3.1,8.1,3.9,-0.2,3.9,0,6,0.573,0.92,0.52,0.92,0.4,0.14,0.75
79,230,23.5,21.3,9.6,3.0,12.6,4.1,1.8,5.4,0,5,0.585,0.7,0.92,1.13,0.51,0.26,0.88
71,169,20.3,27.2,5.2,2.6,7.8,3.3,-0.1,3.4,0,16,0.5,0.88,0.74,0.72,0.57,0.27,0.72
74,213,23.7,32.7,6.2,4.3,10.5,4.8,0.7,5.1,0,0,0.695,1.1,0.59,0.81,0.65,0.37,0.75
73,300,22.0,32.6,5.3,1.4,6.7,5.3,-2.0,3.4,0,15,0.5,0.96,1.29,0.27,0.68,0.06,0.67
